{
  "sessions": [
    "001",
    "002",
    "003",
    "004"
  ],
  "per_port_cv": {
    "1": [
      0.029774278163261312,
      0.029892818112525026,
      0.03038554633634963,
      0.030405235817722445
    ],
    "2": [
      0.031011799011529156,
      0.0314570802646423,
      0.031939055159455165,
      0.0318220716934385
    ],
    "3": [
      0.05121139368774103,
      0.05135864318747606,
      0.05191607303069239,
      0.05220363521948457
    ],
    "4": [
      0.030289282993180677,
      0.030008329540058703,
      0.030570761757969325,
      0.030815291027205864
    ]
  },
  "port3_excess_ratio": [
    1.6868907329037637,
    1.6865030449367595,
    1.6765984182289044,
    1.6832172372515375
  ]
}