{
  "tape_sessions": [
    "001",
    "002",
    "003",
    "004"
  ],
  "tape_per_port_mean": {
    "1": 0.030114469607464604,
    "2": 0.03155750153226628,
    "3": 0.051672436281348516,
    "4": 0.030420916329603642
  },
  "tape_per_port_per_session": {
    "1": [
      0.029774278163261312,
      0.029892818112525026,
      0.03038554633634963,
      0.030405235817722445
    ],
    "2": [
      0.031011799011529156,
      0.0314570802646423,
      0.031939055159455165,
      0.0318220716934385
    ],
    "3": [
      0.05121139368774103,
      0.05135864318747606,
      0.05191607303069239,
      0.05220363521948457
    ],
    "4": [
      0.030289282993180677,
      0.030008329540058703,
      0.030570761757969325,
      0.030815291027205864
    ]
  },
  "rubber_sessions": [
    "0859",
    "0928",
    "0958",
    "1029",
    "1058",
    "1139"
  ],
  "rubber_per_port_mean": {
    "1": 0.02960002379231377,
    "2": 0.029952662340032733,
    "3": 0.04643488502465299,
    "4": 0.028677885618803665
  },
  "rubber_per_port_per_session": {
    "1": [
      0.029147508017818576,
      0.02966608086301546,
      0.029470593680993522,
      0.02925685012347198,
      0.029698574666066895,
      0.03036053540251617
    ],
    "2": [
      0.03000366436234409,
      0.030348236177815124,
      0.029884193616453558,
      0.02990233731023701,
      0.030305142580930675,
      0.02927239999241595
    ],
    "3": [
      0.04647699232113415,
      0.04680296275598396,
      0.04672202492864536,
      0.04665310238903787,
      0.0471515668988494,
      0.04480266085426722
    ],
    "4": [
      0.02836107782370943,
      0.028619872601536502,
      0.02844301881019159,
      0.02842064018893455,
      0.02896650559601507,
      0.029256198692434867
    ]
  },
  "port_change_pct": {
    "1": -1.7083010986297318,
    "2": -5.0854443929683875,
    "3": -10.13606408681383,
    "4": -5.729711399599671
  }
}