{
  "n_files": 55298,
  "n_kept": 1792,
  "duration_hours": 15.170033333333334,
  "band_hz": [
    2000000000.0,
    8000000000.0
  ],
  "window_sec": 300,
  "per_port": {
    "1": {
      "asymptote_cv": 0.00020122256310740723,
      "settle_threshold": 0.00040244512621481445,
      "settle_time_hr": 0.28790805555555554
    },
    "2": {
      "asymptote_cv": 0.0001981966386765364,
      "settle_threshold": 0.0003963932773530728,
      "settle_time_hr": 0.27122694444444445
    },
    "3": {
      "asymptote_cv": 0.00021524770507667926,
      "settle_threshold": 0.0004304954101533585,
      "settle_time_hr": 0.2795636111111111
    },
    "4": {
      "asymptote_cv": 0.00021518405892253142,
      "settle_threshold": 0.00043036811784506285,
      "settle_time_hr": 0.28790805555555554
    }
  }
}