{
  "per_port_trial_cv": {
    "tape": {
      "1": 0.030114469607464604,
      "2": 0.03155750153226628,
      "3": 0.05167243628134851,
      "4": 0.030420916329603642
    },
    "rubber": {
      "1": 0.029600023792313766,
      "2": 0.029952662340032733,
      "3": 0.04643488502465299,
      "4": 0.028677885618803668
    },
    "cables": {
      "1": 0.3008407926536165,
      "2": 0.2825895036543703,
      "3": 0.2836421132378746,
      "4": 0.3149763589941098
    }
  },
  "per_port_slow_drift": {
    "tape": {
      "1": 0.016020959243178368,
      "2": 0.017486263066530228,
      "3": 0.025724168866872787,
      "4": 0.01869618333876133
    },
    "rubber": {
      "1": 0.009634237254171498,
      "2": 0.011365551925596915,
      "3": 0.009874157374724746,
      "4": 0.011277621312599097
    },
    "cables": {
      "1": 0.02952905838174047,
      "2": 0.027323820698906535,
      "3": 0.031020494392058545,
      "4": 0.034403705886299055
    }
  },
  "reflection_slow_drift": {
    "tape": {
      "S11": 0.0028483609203249216,
      "S22": 0.0008934641373343766,
      "S33": 0.017599482089281082,
      "S44": 0.0013545396504923701
    },
    "rubber": {
      "S11": 0.0004805944627150893,
      "S22": 0.0009522681939415634,
      "S33": 0.002084156731143594,
      "S44": 0.0021809309255331755
    },
    "cables": {
      "S11": 7.281736907316372e-05,
      "S22": 0.00010497824405319989,
      "S33": 7.760115840937942e-05,
      "S44": 0.0004020383348688483
    }
  },
  "tape_slow_drift_per_sparam": {
    "S11": 0.0028483609203249216,
    "S12": 0.023377833887934685,
    "S13": 0.020529866218566895,
    "S14": 0.011662701144814491,
    "S21": 0.022820966318249702,
    "S22": 0.0008934641373343766,
    "S23": 0.022561559453606606,
    "S24": 0.014680048450827599,
    "S31": 0.0190924983471632,
    "S32": 0.023497125133872032,
    "S33": 0.017599482089281082,
    "S34": 0.038024693727493286,
    "S41": 0.011814492754638195,
    "S42": 0.01457283366471529,
    "S43": 0.03876396268606186,
    "S44": 0.0013545396504923701
  },
  "rubber_slow_drift_per_sparam": {
    "S11": 0.0004805944627150893,
    "S12": 0.011245395056903362,
    "S13": 0.011235348880290985,
    "S14": 0.010568354278802872,
    "S21": 0.011177820153534412,
    "S22": 0.0009522681939415634,
    "S23": 0.011458151042461395,
    "S24": 0.01643926277756691,
    "S31": 0.011272688396275043,
    "S32": 0.011529690586030483,
    "S33": 0.002084156731143594,
    "S34": 0.010717809200286865,
    "S41": 0.01145945955067873,
    "S42": 0.016756275668740273,
    "S43": 0.010821256786584854,
    "S44": 0.0021809309255331755
  },
  "cable_slow_drift_per_sparam": {
    "S11": 7.281736907316372e-05,
    "S12": 0.03223200887441635,
    "S13": 0.03530865162611008,
    "S14": 0.03606750816106796,
    "S21": 0.03345806896686554,
    "S22": 0.00010497824405319989,
    "S23": 0.03163408115506172,
    "S24": 0.03776466101408005,
    "S31": 0.03268313780426979,
    "S32": 0.0219012089073658,
    "S33": 7.760115840937942e-05,
    "S34": 0.04444040358066559,
    "S41": 0.0368812158703804,
    "S42": 0.03417173773050308,
    "S43": 0.051098376512527466,
    "S44": 0.0004020383348688483
  }
}