{
  "pre_solder_sessions": [
    "20260702_0859",
    "20260702_0928",
    "20260702_0958",
    "20260702_1029",
    "20260702_1058",
    "20260702_1139",
    "20260703_0808",
    "20260703_0936"
  ],
  "post_solder_sessions": [
    "20260703_1049",
    "20260703_1124",
    "20260703_1154",
    "20260703_1304"
  ],
  "trial_cv_per_port": {
    "pre": {
      "1": {
        "mean": 0.02791884878986041,
        "std": 0.0029347479813301752
      },
      "2": {
        "mean": 0.02714838666569059,
        "std": 0.004868140620778435
      },
      "3": {
        "mean": 0.039836518140613675,
        "std": 0.011449146175982037
      },
      "4": {
        "mean": 0.026421102411144863,
        "std": 0.003919137068555156
      }
    },
    "post": {
      "1": {
        "mean": 0.022569644236812434,
        "std": 3.352644591280421e-05
      },
      "2": {
        "mean": 0.018410901285408596,
        "std": 2.559301646739553e-05
      },
      "3": {
        "mean": 0.0196996118736154,
        "std": 6.858363842303243e-05
      },
      "4": {
        "mean": 0.01956049011433996,
        "std": 4.474970457311067e-05
      }
    }
  },
  "slow_drift_per_port": {
    "pre": {
      "1": {
        "mean": 0.009462729096412659,
        "std": 0.0018026152392849326
      },
      "2": {
        "mean": 0.010254638269543648,
        "std": 0.003401318099349737
      },
      "3": {
        "mean": 0.009387057274580002,
        "std": 0.0027822519186884165
      },
      "4": {
        "mean": 0.01033566240221262,
        "std": 0.00301854545250535
      }
    },
    "post": {
      "1": {
        "mean": 0.0063365609385073185,
        "std": 0.0012148006353527308
      },
      "2": {
        "mean": 0.004076218232512474,
        "std": 0.0004730652435682714
      },
      "3": {
        "mean": 0.005062825977802277,
        "std": 0.0007462920621037483
      },
      "4": {
        "mean": 0.004695864859968424,
        "std": 0.0007585212006233633
      }
    }
  },
  "reflection_slow_drift": {
    "pre": {
      "S11": 0.001731812721118331,
      "S22": 0.0008203632314689457,
      "S33": 0.0022595333866775036,
      "S44": 0.0017538761021569371
    },
    "post": {
      "S11": 0.0035997231025248766,
      "S22": 0.00013846202637068927,
      "S33": 0.00028960415511392057,
      "S44": 0.00019795932166744024
    }
  }
}