{
  "cable_sessions": [
    "1223",
    "1311"
  ],
  "rubber_sessions": [
    "0859",
    "0928",
    "0958",
    "1029",
    "1058",
    "1139"
  ],
  "trial_cv": {
    "cable_mean_per_sp": {
      "S11": 0.00015657959738746285,
      "S12": 0.3161090016365051,
      "S13": 0.3729548305273056,
      "S14": 0.3701641112565994,
      "S21": 0.3214939087629318,
      "S22": 0.00015225976676447317,
      "S23": 0.3389381617307663,
      "S24": 0.3776850253343582,
      "S31": 0.3371807932853699,
      "S32": 0.24550886452198029,
      "S33": 0.00015026351320557296,
      "S34": 0.32442913949489594,
      "S41": 0.3878263235092163,
      "S42": 0.37823930382728577,
      "S43": 0.3663327395915985,
      "S44": 0.0001578699448145926
    },
    "rubber_mean_per_sp": {
      "S11": 0.00026099734047117334,
      "S12": 0.020798260656495888,
      "S13": 0.0601180133720239,
      "S14": 0.024099860340356827,
      "S21": 0.020325416699051857,
      "S22": 0.00041448641180371243,
      "S23": 0.055504512041807175,
      "S24": 0.028325118745366733,
      "S31": 0.05736814873913924,
      "S32": 0.05607289634644985,
      "S33": 0.0003560852928785607,
      "S34": 0.047924415518840156,
      "S41": 0.024229469398657482,
      "S42": 0.02822794547925393,
      "S43": 0.047700123861432076,
      "S44": 0.00023826598771847785
    }
  },
  "slow_drift": {
    "cable_mean_per_sp": {
      "S11": 7.281736907316372e-05,
      "S12": 0.03223200887441635,
      "S13": 0.03530865162611008,
      "S14": 0.03606750816106796,
      "S21": 0.03345806896686554,
      "S22": 0.00010497824405319989,
      "S23": 0.03163408115506172,
      "S24": 0.03776466101408005,
      "S31": 0.03268313780426979,
      "S32": 0.0219012089073658,
      "S33": 7.760115840937942e-05,
      "S34": 0.04444040358066559,
      "S41": 0.0368812158703804,
      "S42": 0.03417173773050308,
      "S43": 0.051098376512527466,
      "S44": 0.0004020383348688483
    },
    "rubber_mean_per_sp": {
      "S11": 0.0004805944627150893,
      "S12": 0.011245395056903362,
      "S13": 0.011235348880290985,
      "S14": 0.010568354278802872,
      "S21": 0.011177820153534412,
      "S22": 0.0009522681939415634,
      "S23": 0.011458151042461395,
      "S24": 0.01643926277756691,
      "S31": 0.011272688396275043,
      "S32": 0.011529690586030483,
      "S33": 0.002084156731143594,
      "S34": 0.010717809200286865,
      "S41": 0.01145945955067873,
      "S42": 0.016756275668740273,
      "S43": 0.010821256786584854,
      "S44": 0.0021809309255331755
    }
  },
  "s44_verdict": {
    "s44_cable_slow": 0.0004020383348688483,
    "s44_rubber_slow": 0.0021809309255331755,
    "other_refls_cable_slow": 8.51322547532618e-05,
    "other_refls_rubber_slow": 0.0011723397765308619,
    "s44_excess_cable": 4.722514629364014,
    "s44_excess_rubber": 1.860323190689087
  }
}